<?xml version="1.0" encoding="UTF-8"?>
<project-private xmlns="http://www.netbeans.org/ns/project-private/1">
    <editor-bookmarks xmlns="http://www.netbeans.org/ns/editor-bookmarks/2" lastBookmarkId="0"/>
    <open-files xmlns="http://www.netbeans.org/ns/projectui-open-files/2">
        <group>
            <file>file:/C:/Users/Julio%20Raime/Documents/NetBeansProjects/TiendaZaida/src/Vista/Login.java</file>
            <file>file:/C:/Users/Julio%20Raime/Documents/NetBeansProjects/TiendaZaida/src/Modelo/ClienteDao.java</file>
            <file>file:/C:/Users/Julio%20Raime/Documents/NetBeansProjects/TiendaZaida/src/Vista/Sistema.java</file>
            <file>file:/C:/Users/Julio%20Raime/Documents/NetBeansProjects/TiendaZaida/src/Modelo/Productos.java</file>
            <file>file:/C:/Users/Julio%20Raime/Documents/NetBeansProjects/TiendaZaida/src/Modelo/ProductosDao.java</file>
            <file>file:/C:/Users/Julio%20Raime/Documents/NetBeansProjects/TiendaZaida/src/Modelo/VentaDao.java</file>
            <file>file:/C:/Users/Julio%20Raime/Documents/NetBeansProjects/TiendaZaida/src/Modelo/Venta.java</file>
            <file>file:/C:/Users/Julio%20Raime/Documents/NetBeansProjects/TiendaZaida/src/Modelo/ProveedorDao.java</file>
            <file>file:/C:/Users/Julio%20Raime/Documents/NetBeansProjects/TiendaZaida/src/Modelo/Proveedor.java</file>
        </group>
    </open-files>
</project-private>
